affiliation_id,person_id,department_id,rank,appointment_type,is_primary,start_date,end_date,source
1,1,1,assistant,regular,1,,,workbook-2026
2,2,1,associate,regular,1,,,workbook-2026
3,3,1,full,regular,1,,,workbook-2026
4,4,1,assistant,regular,1,,2026-09-15,"workbook-2026 | closed 2026-09-15: depart; change from Scholar profile 2026-09-15: email @urbanedge.net; affiliation ""professor of urban design, cairo university"""
5,5,1,assistant,regular,1,,,workbook-2026
6,6,1,assistant,regular,1,,,workbook-2026
7,7,2,assistant,regular,1,,,workbook-2026
8,8,2,associate,regular,1,,,workbook-2026
9,9,2,assistant,regular,1,,2026-09-14,"workbook-2026 | closed 2026-09-14: depart; change from Scholar profile 2026-09-14: email @uncg.edu; affiliation ""University of North Carolina at Greensboro"""
10,10,3,associate,regular,1,,2026-09-14,"workbook-2026 | closed 2026-09-14: depart; change from Scholar profile 2026-09-14: email @uci.edu; affiliation ""Associate Professor, University of California, Irvine"""
11,11,3,full,regular,1,,2026-09-14,"workbook-2026 | closed 2026-09-14: move; change from Scholar profile 2026-09-14: email @buffalo.edu; affiliation ""SUNY-Buffalo"""
12,12,3,associate,regular,1,,,workbook-2026
13,13,3,associate,regular,1,,,workbook-2026
14,14,3,assistant,regular,1,,,workbook-2026
15,15,3,associate,regular,1,,,workbook-2026
16,16,3,full,regular,1,,,workbook-2026
17,17,3,associate,regular,1,,2026-09-14,"workbook-2026 | closed 2026-09-15: departed; Scholar profile 2026-09-15 reads ""University of Colorado Boulder"" (email @colorado.edu), which is not a tracked program. An earlier run mis-read this as a move to University of Colorado, Denver; corrected 2026-09-15."
18,18,3,assistant,regular,1,,,workbook-2026
19,19,3,associate,regular,1,,,workbook-2026
20,20,3,assistant,regular,1,,,workbook-2026
21,21,3,full,regular,1,,,workbook-2026
22,22,3,full,regular,1,,,workbook-2026
23,23,3,associate,regular,1,,,workbook-2026
24,24,3,full,regular,1,,,workbook-2026
25,25,3,full,regular,1,,,workbook-2026
26,26,4,associate,regular,1,,,workbook-2026
27,27,4,associate,regular,1,,,workbook-2026
28,28,4,associate,regular,1,,,workbook-2026
29,29,4,associate,regular,1,,,workbook-2026
30,30,4,full,regular,1,,,workbook-2026
31,31,5,full,regular,1,,,workbook-2026
32,32,5,associate,regular,1,,,workbook-2026
33,33,5,associate,regular,1,,,workbook-2026
34,34,5,assistant,regular,1,,,workbook-2026
35,35,5,associate,regular,1,,,workbook-2026
36,36,6,associate,regular,1,,,workbook-2026
37,37,6,associate,regular,1,,,workbook-2026
38,38,6,assistant,regular,1,,,workbook-2026
39,39,6,associate,regular,1,,2026-09-14,"workbook-2026 | closed 2026-09-14: promote; change from Scholar profile 2026-09-14: email @cpp.edu; affiliation ""Professor, Cal Poly Pomona"""
40,40,6,full,regular,1,,,workbook-2026
41,41,6,assistant,regular,1,,2026-09-14,"workbook-2026 | closed 2026-09-14: depart; change from Scholar profile 2026-09-14: email @tinkercraft.com; affiliation ""California State Polytechnic University, Pomona"""
42,42,6,assistant,regular,1,,,workbook-2026
43,43,7,assistant,regular,1,,,workbook-2026
44,44,7,full,regular,1,,,workbook-2026
45,45,7,full,regular,1,,,workbook-2026
46,46,7,full,regular,1,,,workbook-2026
47,47,7,associate,regular,1,,,workbook-2026
48,48,7,full,regular,1,,,workbook-2026
49,49,7,assistant,regular,1,,,workbook-2026
50,50,7,assistant,regular,1,,,workbook-2026
51,51,8,associate,regular,1,,,workbook-2026
52,52,8,full,regular,1,,,workbook-2026
53,53,8,full,regular,1,,,workbook-2026
54,54,8,full,regular,1,,,workbook-2026
55,55,8,full,regular,1,,,workbook-2026
56,56,8,full,regular,1,,,workbook-2026
57,57,9,associate,regular,1,,,workbook-2026
58,58,9,full,regular,1,,,workbook-2026
59,59,9,full,regular,1,,,workbook-2026
60,60,10,full,regular,1,,,workbook-2026
61,61,10,associate,regular,1,,,workbook-2026
62,62,10,assistant,regular,1,,,workbook-2026
63,63,10,associate,regular,1,,,workbook-2026
64,64,10,full,regular,1,,,workbook-2026
65,65,11,associate,regular,1,,,workbook-2026
66,66,11,assistant,regular,1,,,workbook-2026
67,67,11,full,regular,1,,,workbook-2026
68,68,11,assistant,regular,1,,,workbook-2026
69,69,11,full,regular,1,,,workbook-2026
70,70,12,full,regular,1,,,workbook-2026
71,71,12,full,regular,1,,2026-09-14,"workbook-2026 | closed 2026-09-14: depart; change from Scholar profile 2026-09-14: email @gwu.edu; affiliation ""George Washington University Law School"""
72,72,12,associate,regular,1,,,workbook-2026
73,73,12,full,regular,1,,,workbook-2026
74,74,12,associate,regular,1,,,workbook-2026
75,75,12,associate,regular,1,,,workbook-2026
76,76,12,associate,regular,1,,,workbook-2026
77,77,12,assistant,regular,1,,,workbook-2026
78,78,12,assistant,regular,1,,2026-09-14,"workbook-2026 | closed 2026-09-14: promote; change from Scholar profile 2026-09-14: email @cornell.edu; affiliation ""Associate Professor, Cornell University"""
79,79,12,full,regular,1,,,workbook-2026
80,80,12,associate,regular,1,,,workbook-2026
81,81,12,full,regular,1,,,workbook-2026
82,82,12,associate,regular,1,,,workbook-2026
83,83,12,assistant,regular,1,,,workbook-2026
84,84,12,full,regular,1,,,workbook-2026
85,85,12,full,regular,1,,,workbook-2026
86,86,12,assistant,regular,1,,,workbook-2026
87,87,33,associate,regular,1,,,workbook-2026; move verified 2026-09-13 against Scholar profile (verified email domain) and department page
88,87,13,assistant,regular,1,,2026-09-13,"workbook-2026; stale duplicate row, closed at migration, actual end date unknown"
89,88,13,associate,regular,1,,2026-09-14,"workbook-2026 | closed 2026-09-14: promote; change from Scholar profile 2026-09-14: email @dal.ca; affiliation ""Professor of School of Planning, and Civil and Resource Engineering, Dalhousie University"""
90,89,13,full,regular,1,,,workbook-2026
91,90,13,associate,regular,1,,,workbook-2026
92,91,13,assistant,regular,1,,,workbook-2026
93,92,13,assistant,regular,1,,2026-09-14,"workbook-2026 | closed 2026-09-14: promote; change from Scholar profile 2026-09-14: email @dal.ca; affiliation ""Associate Professor, Dalhousie University"""
94,93,14,associate,regular,1,,,workbook-2026
95,94,14,full,regular,1,,,workbook-2026
96,95,14,associate,regular,1,,,workbook-2026
97,96,14,assistant,regular,1,,,workbook-2026
98,97,15,full,regular,1,,,workbook-2026
99,98,15,associate,regular,1,,,workbook-2026
100,99,16,full,regular,1,,,workbook-2026
101,100,16,full,regular,1,,,workbook-2026
102,101,16,associate,regular,1,,,workbook-2026
103,102,17,full,regular,1,,,workbook-2026
104,103,17,associate,regular,1,,,workbook-2026
105,104,17,assistant,regular,1,,,workbook-2026
106,105,17,associate,regular,1,,,workbook-2026
107,106,17,full,regular,1,,,workbook-2026
108,107,17,assistant,regular,1,,2026-09-14,"workbook-2026 | closed 2026-09-14: depart; change from Scholar profile 2026-09-14: email @life.edu; affiliation ""Life University / Florida International University"""
109,108,18,full,regular,1,,,workbook-2026
110,109,18,full,regular,1,,,workbook-2026
111,110,18,assistant,regular,1,,,workbook-2026
112,111,18,full,regular,1,,,workbook-2026
113,112,18,full,regular,1,,,workbook-2026
114,113,18,full,regular,1,,,workbook-2026
115,114,18,associate,regular,1,,,workbook-2026
116,115,18,associate,regular,1,,,workbook-2026
117,116,18,assistant,regular,1,,,workbook-2026
118,117,18,assistant,regular,1,,,workbook-2026
119,118,18,assistant,regular,1,,,workbook-2026
120,119,19,associate,regular,1,,,workbook-2026
121,120,20,full,regular,1,,,workbook-2026
122,121,20,assistant,regular,1,,2026-09-15,"workbook-2026 | closed 2026-09-15: promote; change from Scholar profile 2026-09-15: email @gatech.edu; affiliation ""Associate Professor @ Georgia Tech"""
123,122,20,assistant,regular,1,,,workbook-2026
124,123,20,full,regular,1,,,workbook-2026
125,124,20,assistant,regular,1,,,workbook-2026
126,125,20,assistant,regular,1,,,workbook-2026
127,126,20,associate,regular,1,,,workbook-2026
128,127,20,assistant,regular,1,,,workbook-2026
129,128,20,full,regular,1,,,workbook-2026
130,129,20,full,regular,1,,,workbook-2026
131,130,20,assistant,regular,1,,,workbook-2026
132,131,20,assistant,regular,1,,,workbook-2026
133,132,20,assistant,regular,1,,2026-09-15,"workbook-2026 | closed 2026-09-15: depart; change from Scholar profile 2026-09-15: email @canterbury.ac.nz; affiliation ""University of Canterbury"""
134,133,20,full,regular,1,,,workbook-2026
135,134,20,associate,regular,1,,,workbook-2026
136,135,21,full,regular,1,,,workbook-2026
137,136,21,full,regular,1,,,workbook-2026
138,137,21,full,regular,1,,,workbook-2026
139,138,21,assistant,regular,1,,,workbook-2026
140,139,21,full,regular,1,,,workbook-2026
141,140,21,assistant,regular,1,,,workbook-2026
142,141,21,full,regular,1,,,workbook-2026
143,142,21,full,regular,1,,,workbook-2026
144,143,21,assistant,regular,1,,,workbook-2026
145,144,21,assistant,regular,1,,2026-09-15,"workbook-2026 | closed 2026-09-15: promote; change from Scholar profile 2026-09-15: email @harvard.edu; affiliation ""Associate Professor, Urban Planning and Design, Harvard University"""
146,145,21,full,regular,1,,2026-09-15,"workbook-2026 | closed 2026-09-15: move; change from Scholar profile 2026-09-15: email @uic.edu; affiliation ""Department of Urban Planning and Policy, University of Illinois at Chicago"""
147,146,22,associate,regular,1,,,workbook-2026
148,147,22,full,regular,1,,,workbook-2026
149,148,22,full,regular,1,,,workbook-2026
150,149,22,associate,regular,1,,,workbook-2026
151,150,22,assistant,regular,1,,,workbook-2026
152,151,22,full,regular,1,,,workbook-2026
153,152,22,associate,regular,1,,,workbook-2026
154,153,22,associate,regular,1,,,workbook-2026
155,154,22,full,regular,1,,,workbook-2026
156,155,23,full,regular,1,,,workbook-2026
157,156,23,associate,regular,1,,,workbook-2026
158,157,23,full,regular,1,,,workbook-2026
159,158,23,full,regular,1,,,workbook-2026
160,159,24,associate,regular,1,,,workbook-2026
161,160,24,full,regular,1,,,workbook-2026
162,161,24,associate,regular,1,,,workbook-2026
163,162,24,assistant,regular,1,,,workbook-2026
164,163,24,associate,regular,1,,,workbook-2026
165,164,24,full,regular,1,,,workbook-2026
166,165,24,full,regular,1,,,workbook-2026
167,166,24,associate,regular,1,,,workbook-2026
168,167,24,associate,regular,1,,2026-09-15,"workbook-2026 | closed 2026-09-15: promote; change from Scholar profile 2026-09-15: email @iastate.edu; affiliation ""Professor of Urban and Regional Planning, Iowa State University"""
169,168,24,full,regular,1,,,workbook-2026
170,169,25,assistant,regular,1,,,workbook-2026
171,170,25,associate,regular,1,,,workbook-2026
172,171,25,associate,regular,1,,,workbook-2026
173,172,25,full,regular,1,,,workbook-2026
174,173,25,associate,regular,1,,,workbook-2026
175,174,25,associate,regular,1,,,workbook-2026
176,175,26,full,regular,1,,,workbook-2026
177,176,26,assistant,regular,1,,2026-09-15,"workbook-2026 | closed 2026-09-15: promote; change from Scholar profile 2026-09-15: email @ksu.edu; affiliation ""Associate Professor, Kansas State University"""
178,177,26,assistant,regular,1,,,workbook-2026
179,178,26,assistant,regular,1,,2026-09-15,"workbook-2026 | closed 2026-09-15: promote; change from Scholar profile 2026-09-15: email @ksu.edu; affiliation ""Associate Professor of Regional and Community Planning, Kansas State University"""
180,179,26,associate,regular,1,,,workbook-2026
181,180,28,associate,regular,1,,,workbook-2026
182,181,28,associate,regular,1,,,workbook-2026
183,182,28,full,regular,1,,,workbook-2026
184,183,28,associate,regular,1,,,workbook-2026
185,184,28,associate,regular,1,,,workbook-2026
186,185,28,full,regular,1,,,workbook-2026
187,186,28,associate,regular,1,,,workbook-2026
188,187,29,associate,regular,1,,,workbook-2026
189,188,29,full,regular,1,,,workbook-2026
190,189,29,full,regular,1,,,workbook-2026
191,190,29,associate,regular,1,,,workbook-2026
192,191,30,assistant,regular,1,,,workbook-2026
193,192,30,associate,regular,1,,,workbook-2026
194,193,30,full,regular,1,,,workbook-2026
195,194,30,associate,regular,1,,,workbook-2026
196,195,30,full,regular,1,,,workbook-2026
197,196,30,associate,regular,1,,,workbook-2026
198,197,30,assistant,regular,1,,,workbook-2026
199,198,30,associate,regular,1,,,workbook-2026
200,199,30,full,regular,1,,,workbook-2026
201,200,31,full,regular,1,,,workbook-2026
202,201,31,associate,regular,1,,,workbook-2026
203,202,31,full,regular,1,,,workbook-2026
204,203,31,full,regular,1,,,workbook-2026
205,204,31,full,regular,1,,,workbook-2026
206,205,31,full,regular,1,,,workbook-2026
207,206,32,associate,regular,1,,,workbook-2026
208,207,32,assistant,regular,1,,,workbook-2026
209,208,32,associate,regular,1,,,workbook-2026
210,209,32,associate,regular,1,,,workbook-2026
211,210,27,assistant,regular,1,,,workbook-2026
212,211,27,full,regular,1,,,workbook-2026
213,212,27,full,regular,1,,,workbook-2026
214,213,27,assistant,regular,1,,,workbook-2026
215,214,27,assistant,regular,1,,,workbook-2026
216,215,27,assistant,regular,1,,,workbook-2026
217,216,27,assistant,regular,1,,2026-09-15,"workbook-2026 | closed 2026-09-15: promote; change from Scholar profile 2026-09-15: email @mit.edu; affiliation ""Associate Professor of Urban Science and Planning at MIT Dept of Urban Studies and Planning"""
218,217,27,full,regular,1,,,workbook-2026
219,218,27,full,regular,1,,,workbook-2026
220,219,27,full,regular,1,,,workbook-2026
221,220,27,full,regular,1,,,workbook-2026
222,221,27,associate,regular,1,,,workbook-2026
223,222,27,assistant,regular,1,,,workbook-2026
224,223,27,associate,regular,1,,,workbook-2026
225,224,27,associate,regular,1,,,workbook-2026
226,225,27,full,regular,1,,,workbook-2026
227,226,27,associate,regular,1,,2026-09-15,"workbook-2026 | closed 2026-09-15: promote; change from Scholar profile 2026-09-15: email @mit.edu; affiliation ""Professor of Law and Development, MIT"""
228,227,27,full,regular,1,,,workbook-2026
229,228,27,associate,regular,1,,2026-09-15,"workbook-2026 | closed 2026-09-15: promote; change from Scholar profile 2026-09-15: email @mit.edu; affiliation ""Professor of Urban Design and Public Policy, MIT"""
230,229,27,associate,regular,1,,,workbook-2026
231,230,27,full,regular,1,,,workbook-2026
232,231,27,associate,regular,1,,,workbook-2026
233,232,27,full,regular,1,,,workbook-2026
234,233,27,associate,regular,1,,,workbook-2026
235,234,27,full,regular,1,,,workbook-2026
236,235,27,associate,regular,1,,,workbook-2026
237,236,27,full,regular,1,,,workbook-2026
238,237,27,assistant,regular,1,,,workbook-2026
239,238,27,associate,regular,1,,,workbook-2026
240,239,27,full,regular,1,,,workbook-2026
241,240,27,associate,regular,1,,,workbook-2026
242,241,27,full,regular,1,,,workbook-2026
243,242,33,associate,regular,1,,,workbook-2026
244,243,33,assistant,regular,1,,,workbook-2026
245,244,33,full,regular,1,,,workbook-2026
246,245,33,associate,regular,1,,,workbook-2026
247,246,33,associate,regular,1,,,workbook-2026
248,247,34,full,regular,1,,,workbook-2026
249,248,34,associate,regular,1,,,workbook-2026
250,249,34,assistant,regular,1,,2026-09-15,"workbook-2026 | closed 2026-09-15: move; change from Scholar profile 2026-09-15: email @cornell.edu; affiliation ""Cornell University College of Architecture, Art, and Planning"""
251,250,34,associate,regular,1,,,workbook-2026
252,251,34,associate,regular,1,,,workbook-2026
253,252,34,associate,regular,1,,,workbook-2026
254,253,34,associate,regular,1,,,workbook-2026
255,254,35,associate,regular,1,,,workbook-2026
256,255,35,full,regular,1,,,workbook-2026
257,256,35,associate,regular,1,,,workbook-2026
258,257,35,associate,regular,1,,,workbook-2026
259,258,35,full,regular,1,,,workbook-2026
260,259,35,full,regular,1,,,workbook-2026
261,260,35,full,regular,1,,,workbook-2026
262,261,36,full,regular,1,,,workbook-2026
263,262,36,full,regular,1,,,workbook-2026
264,263,36,assistant,regular,1,,,workbook-2026
265,264,36,assistant,regular,1,,,workbook-2026
266,265,36,full,regular,1,,,workbook-2026
267,266,36,associate,regular,1,,,workbook-2026
268,267,36,full,regular,1,,,workbook-2026
269,268,36,assistant,regular,1,,,workbook-2026
270,269,36,full,regular,1,,2026-09-15,"workbook-2026 | closed 2026-09-15: depart; change from Scholar profile 2026-09-15: email @gsu.edu; affiliation ""Dean and Professor, Georgia State University"""
271,270,36,full,regular,1,,,workbook-2026
272,271,37,assistant,regular,1,,2026-09-15,"workbook-2026 | closed 2026-09-15: depart; change from Scholar profile 2026-09-15: email @inu.ac.kr; affiliation ""Assistant Professor, Incheon National University"""
273,272,37,assistant,regular,1,,2026-09-15,"workbook-2026 | closed 2026-09-15: promote; change from Scholar profile 2026-09-15: email @nau.edu; affiliation ""Associate Professor, Northern Arizona University"""
274,273,37,assistant,regular,1,,,workbook-2026
275,274,37,full,regular,1,,,workbook-2026
276,275,37,associate,regular,1,,,workbook-2026
277,276,37,associate,regular,1,,,workbook-2026
278,277,38,assistant,regular,1,,,workbook-2026
279,278,38,assistant,regular,1,,,workbook-2026
280,279,38,associate,regular,1,,,workbook-2026
281,280,38,associate,regular,1,,,workbook-2026
282,281,38,full,regular,1,,,workbook-2026
283,282,38,full,regular,1,,,workbook-2026
284,283,38,associate,regular,1,,,workbook-2026
285,284,38,associate,regular,1,,,workbook-2026
286,285,38,full,regular,1,,,workbook-2026
287,286,38,associate,regular,1,,,workbook-2026
288,287,38,assistant,regular,1,,,workbook-2026
289,288,38,associate,regular,1,,,workbook-2026
290,289,38,associate,regular,1,,,workbook-2026
291,290,38,associate,regular,1,,,workbook-2026
292,291,39,assistant,regular,1,,,workbook-2026
293,292,39,full,regular,1,,,workbook-2026
294,293,39,associate,regular,1,,,workbook-2026
295,294,39,associate,regular,1,,,workbook-2026
296,295,39,full,regular,1,,,workbook-2026
297,296,39,associate,regular,1,,2026-09-15,"workbook-2026 | closed 2026-09-15: move; change from Scholar profile 2026-09-15: email @uoguelph.ca; affiliation ""University of Guelph"""
298,297,39,associate,regular,1,,,workbook-2026
299,298,39,associate,regular,1,,,workbook-2026
300,299,39,associate,regular,1,,,workbook-2026
301,300,39,associate,regular,1,,,workbook-2026
302,301,39,associate,regular,1,,,workbook-2026
303,302,40,associate,regular,1,,,workbook-2026
304,303,40,full,regular,1,,,workbook-2026
305,304,40,full,regular,1,,,workbook-2026
306,305,40,associate,regular,1,,,workbook-2026
307,306,40,full,regular,1,,,workbook-2026
308,307,41,associate,regular,1,,,workbook-2026
309,308,41,associate,regular,1,,,workbook-2026
310,309,41,full,regular,1,,,workbook-2026
311,310,41,full,regular,1,,,workbook-2026
312,311,41,assistant,regular,1,,,workbook-2026
313,312,41,associate,regular,1,,,workbook-2026
314,313,41,associate,regular,1,,,workbook-2026
315,314,42,full,regular,1,,,workbook-2026
316,315,42,full,regular,1,,,workbook-2026
317,316,42,assistant,regular,1,,,workbook-2026
318,317,42,associate,regular,1,,,workbook-2026
319,318,42,associate,regular,1,,,workbook-2026
320,319,42,associate,regular,1,,,workbook-2026
321,320,43,full,regular,1,,,workbook-2026
322,321,43,full,regular,1,,,workbook-2026
323,322,43,assistant,regular,1,,,workbook-2026
324,323,43,full,regular,1,,,workbook-2026
325,324,43,full,regular,1,,,workbook-2026
326,325,43,assistant,regular,1,,,workbook-2026
327,326,43,full,regular,1,,,workbook-2026
328,327,43,full,regular,1,,,workbook-2026
329,328,43,full,regular,1,,,workbook-2026
330,329,43,full,regular,1,,,workbook-2026
331,330,43,assistant,regular,1,,2026-09-15,"workbook-2026 | closed 2026-09-15: promote; change from Scholar profile 2026-09-15: email @rutgers.edu; affiliation ""Associate Professor, Bloustein School of Planning and Public Policy, Rutgers University"""
332,331,43,associate,regular,1,,,workbook-2026
333,332,43,assistant,regular,1,,,workbook-2026
334,333,43,full,regular,1,,,workbook-2026
335,334,43,associate,regular,1,,,workbook-2026
336,335,43,associate,regular,1,,,workbook-2026
337,336,43,associate,regular,1,,2026-09-15,"workbook-2026 | closed 2026-09-15: promote; change from Scholar profile 2026-09-15: email @rutgers.edu; affiliation ""Professor, Rutgers University"""
338,337,43,full,regular,1,,,workbook-2026
339,338,43,assistant,regular,1,,2026-09-15,"workbook-2026 | closed 2026-09-15: promote; change from Scholar profile 2026-09-15: email @rutgers.edu; affiliation ""Associate Professor at Rutgers University"""
340,339,44,associate,regular,1,,,workbook-2026
341,340,44,full,regular,1,,,workbook-2026
342,341,44,associate,regular,1,,,workbook-2026
343,342,44,associate,regular,1,,,workbook-2026
344,343,44,associate,regular,1,,,workbook-2026
345,344,44,full,regular,1,,,workbook-2026
346,345,44,associate,regular,1,,2026-09-15,"workbook-2026 | closed 2026-09-15: promote; change from Scholar profile 2026-09-15: email @rutgers.edu; affiliation ""Chair and Professor of Landscape Architecture, Rutgers University"""
347,346,45,full,regular,1,,,workbook-2026
348,347,46,full,regular,1,,,workbook-2026
349,348,46,assistant,regular,1,,,workbook-2026
350,349,46,associate,regular,1,,,workbook-2026
351,350,46,assistant,regular,1,,,workbook-2026
352,351,46,associate,regular,1,,,workbook-2026
353,352,47,full,regular,1,,,workbook-2026
354,353,47,full,regular,1,,,workbook-2026
355,354,47,associate,regular,1,,,workbook-2026
356,355,47,assistant,regular,1,,2026-09-15,"workbook-2026 | closed 2026-09-15: depart; change from Scholar profile 2026-09-15: email @stanford.edu; affiliation ""Associate Director, Asian American Research Center at Stanford University"""
357,356,47,assistant,regular,1,,,workbook-2026
358,357,47,assistant,regular,1,,,workbook-2026
359,358,47,full,regular,1,,,workbook-2026
360,359,47,assistant,regular,1,,,workbook-2026
361,360,47,full,regular,1,,,workbook-2026
362,361,47,associate,regular,1,,,workbook-2026
363,362,48,full,regular,1,,,workbook-2026
364,363,49,associate,regular,1,,,workbook-2026
365,364,49,assistant,regular,1,,,workbook-2026
366,365,49,associate,regular,1,,,workbook-2026
367,366,49,full,regular,1,,,workbook-2026
368,367,49,full,regular,1,,,workbook-2026
369,368,49,full,regular,1,,,workbook-2026
370,369,49,associate,regular,1,,,workbook-2026
371,370,50,assistant,regular,1,,2026-09-15,"workbook-2026 | closed 2026-09-15: promote; change from Scholar profile 2026-09-15: email @albany.edu; affiliation ""Associate Professor, State University of New York at Albany"""
372,371,50,associate,regular,1,,,workbook-2026
373,372,50,associate,regular,1,,,workbook-2026
374,373,50,assistant,regular,1,,,workbook-2026
375,374,51,assistant,regular,1,,,workbook-2026
376,375,51,associate,regular,1,,,workbook-2026
377,376,51,associate,regular,1,,,workbook-2026
378,377,52,full,regular,1,,,workbook-2026
379,378,52,assistant,regular,1,,,workbook-2026
380,379,52,associate,regular,1,,,workbook-2026
381,380,52,full,regular,1,,,workbook-2026
382,381,52,assistant,regular,1,,,workbook-2026
383,382,52,full,regular,1,,,workbook-2026
384,383,52,assistant,regular,1,,2026-09-15,"workbook-2026 | closed 2026-09-15: promote; change from Scholar profile 2026-09-15: email @tamu.edu; affiliation ""Associate Professor, Texas A&M University"""
385,384,52,full,regular,1,,,workbook-2026
386,385,52,associate,regular,1,,,workbook-2026
387,386,52,full,regular,1,,,workbook-2026
388,387,52,assistant,regular,1,,,workbook-2026
389,388,52,full,regular,1,,,workbook-2026
390,389,52,full,regular,1,,,workbook-2026
391,390,52,assistant,regular,1,,,workbook-2026
392,391,52,assistant,regular,1,,,workbook-2026
393,392,52,full,regular,1,,,workbook-2026
394,393,52,assistant,regular,1,,2026-09-15,"workbook-2026 | closed 2026-09-15: promote; change from Scholar profile 2026-09-15: email @tamu.edu; affiliation ""Associate Professor, Texas A&M University"""
395,394,52,assistant,regular,1,,,workbook-2026
396,395,53,full,regular,1,,,workbook-2026
397,396,53,associate,regular,1,,,workbook-2026
398,397,53,full,regular,1,,,workbook-2026
399,398,53,associate,regular,1,,,workbook-2026
400,399,53,associate,regular,1,,,workbook-2026
401,400,53,associate,regular,1,,,workbook-2026
402,401,54,associate,regular,1,,,workbook-2026
403,402,54,associate,regular,1,,,workbook-2026
404,403,54,full,regular,1,,,workbook-2026
405,404,54,full,regular,1,,,workbook-2026
406,405,54,full,regular,1,,,workbook-2026
407,406,55,assistant,regular,1,,,workbook-2026
408,407,55,associate,regular,1,,,workbook-2026
409,408,55,full,regular,1,,,workbook-2026
410,409,55,assistant,regular,1,,,workbook-2026
411,410,55,full,regular,1,,,workbook-2026
412,411,55,assistant,regular,1,,,workbook-2026
413,412,55,full,regular,1,,,workbook-2026
414,413,55,full,regular,1,,,workbook-2026
415,414,55,associate,regular,1,,,workbook-2026
416,415,55,full,regular,1,,,workbook-2026
417,416,55,associate,regular,1,,,workbook-2026
418,417,55,associate,regular,1,,,workbook-2026
419,418,55,assistant,regular,1,,,workbook-2026
420,419,55,associate,regular,1,,,workbook-2026
421,420,56,full,regular,1,,,workbook-2026
422,421,56,associate,regular,1,,,workbook-2026
423,422,56,full,regular,1,,,workbook-2026
424,423,56,full,regular,1,,,workbook-2026
425,424,56,assistant,regular,1,,,workbook-2026
426,425,56,assistant,regular,1,,,workbook-2026
427,426,56,associate,regular,1,,,workbook-2026
428,427,56,assistant,regular,1,,,workbook-2026
429,428,57,assistant,regular,1,,,workbook-2026
430,429,57,assistant,regular,1,,,workbook-2026
431,430,57,associate,regular,1,,,workbook-2026
432,431,57,assistant,regular,1,,,workbook-2026
433,432,57,full,regular,1,,,workbook-2026
434,433,58,associate,regular,1,,,workbook-2026
435,434,58,associate,regular,1,,,workbook-2026
436,435,58,full,regular,1,,,workbook-2026
437,436,58,associate,regular,1,,2026-09-15,"workbook-2026 | closed 2026-09-15: promote; change from Scholar profile 2026-09-15: email @berkeley.edu; affiliation ""Professor, City & Regional Planning; Interim Dean, College of Environmental Design; UC Berkeley"""
438,437,58,full,regular,1,,,workbook-2026
439,438,58,full,regular,1,,,workbook-2026
440,439,58,associate,regular,1,,,workbook-2026
441,440,58,associate,regular,1,,,workbook-2026
442,441,58,assistant,regular,1,,,workbook-2026
443,442,58,assistant,regular,1,,,workbook-2026
444,443,58,assistant,regular,1,,,workbook-2026
445,444,58,full,regular,1,,,workbook-2026
446,445,58,associate,regular,1,,,workbook-2026
447,446,58,full,regular,1,,,workbook-2026
448,447,59,assistant,regular,1,,,workbook-2026
449,448,59,associate,regular,1,,,workbook-2026
450,449,59,assistant,regular,1,,,workbook-2026
451,450,59,full,regular,1,,,workbook-2026
452,451,59,assistant,regular,1,,,workbook-2026
453,452,59,associate,regular,1,,,workbook-2026
454,453,59,assistant,regular,1,,,workbook-2026
455,454,59,assistant,regular,1,,,workbook-2026
456,455,59,associate,regular,1,,,workbook-2026
457,456,59,associate,regular,1,,,workbook-2026
458,457,59,full,regular,1,,,workbook-2026
459,458,59,associate,regular,1,,,workbook-2026
460,459,59,full,regular,1,,,workbook-2026
461,460,59,full,regular,1,,,workbook-2026
462,461,59,associate,regular,1,,,workbook-2026
463,462,59,associate,regular,1,,,workbook-2026
464,463,59,assistant,regular,1,,,workbook-2026
465,464,59,associate,regular,1,,,workbook-2026
466,465,60,full,regular,1,,,workbook-2026
467,466,60,assistant,regular,1,,,workbook-2026
468,467,60,assistant,regular,1,,,workbook-2026
469,468,60,assistant,regular,1,,,workbook-2026
470,469,60,full,regular,1,,,workbook-2026
471,470,60,associate,regular,1,,,workbook-2026
472,471,60,associate,regular,1,,,workbook-2026
473,472,60,associate,regular,1,,,workbook-2026
474,473,60,full,regular,1,,,workbook-2026
475,474,60,assistant,regular,1,,,workbook-2026
476,475,60,full,regular,1,,,workbook-2026
477,476,60,full,regular,1,,,workbook-2026
478,477,60,associate,regular,1,,,workbook-2026
479,478,60,assistant,regular,1,,,workbook-2026
480,479,60,assistant,regular,1,,,workbook-2026
481,480,60,assistant,regular,1,,,workbook-2026
482,481,60,assistant,regular,1,,,workbook-2026
483,482,61,associate,regular,1,,,workbook-2026
484,483,61,full,regular,1,,,workbook-2026
485,484,61,full,regular,1,,,workbook-2026
486,485,61,associate,regular,1,,,workbook-2026
487,486,61,full,regular,1,,,workbook-2026
488,487,61,associate,regular,1,,,workbook-2026
489,488,61,assistant,regular,1,,,workbook-2026
490,489,61,assistant,regular,1,,,workbook-2026
491,490,61,associate,regular,1,,2026-09-15,"workbook-2026 | closed 2026-09-15: promote; change from Scholar profile 2026-09-15: email @ucla.edu; affiliation ""Professor of Urban Planning and Public Policy, UCLA"""
492,491,61,full,regular,1,,,workbook-2026
493,492,61,assistant,regular,1,,,workbook-2026
494,493,61,full,regular,1,,,workbook-2026
495,494,61,full,regular,1,,,workbook-2026
496,495,61,full,regular,1,,,workbook-2026
497,496,61,full,regular,1,,,workbook-2026
498,497,61,full,regular,1,,,workbook-2026
499,498,61,full,regular,1,,,workbook-2026
500,499,61,associate,regular,1,,,workbook-2026
501,500,61,full,regular,1,,2026-09-15,"workbook-2026 | closed 2026-09-15: depart; change from Scholar profile 2026-09-15: email @lse.ac.uk; affiliation ""London School of Economics and Political Science"""
502,501,61,full,regular,1,,,workbook-2026
503,502,61,full,regular,1,,,workbook-2026
504,503,61,full,regular,1,,,workbook-2026
505,504,61,associate,regular,1,,,workbook-2026
506,505,61,assistant,regular,1,,,workbook-2026
507,506,62,full,regular,1,,,workbook-2026
508,507,62,full,regular,1,,,workbook-2026
509,508,62,assistant,regular,1,,,workbook-2026
510,509,62,assistant,regular,1,,,workbook-2026
511,510,62,assistant,regular,1,,,workbook-2026
512,511,62,associate,regular,1,,,workbook-2026
513,512,62,full,regular,1,,,workbook-2026
514,513,62,assistant,regular,1,,,workbook-2026
515,514,62,full,regular,1,,,workbook-2026
516,515,62,full,regular,1,,,workbook-2026
517,516,62,full,regular,1,,,workbook-2026
518,517,62,assistant,regular,1,,,workbook-2026
519,518,62,full,regular,1,,,workbook-2026
520,519,62,assistant,regular,1,,,workbook-2026
521,520,62,assistant,regular,1,,,workbook-2026
522,521,62,full,regular,1,,,workbook-2026
523,522,65,full,regular,1,,,workbook-2026
524,523,65,full,regular,1,,,workbook-2026
525,524,65,full,regular,1,,,workbook-2026
526,525,65,associate,regular,1,,,workbook-2026
527,526,65,associate,regular,1,,2026-09-15,"workbook-2026 | closed 2026-09-15: promote; change from Scholar profile 2026-09-15: email @umontreal.ca; affiliation ""Professor of urban planning - Université de Montréal"""
528,527,65,associate,regular,1,,,workbook-2026
529,528,65,associate,regular,1,,,workbook-2026
530,529,65,associate,regular,1,,,workbook-2026
531,530,65,associate,regular,1,,,workbook-2026
532,531,65,full,regular,1,,,workbook-2026
533,532,65,full,regular,1,,2026-09-15,"workbook-2026 | closed 2026-09-15: depart; change from Scholar profile 2026-09-15: email @uclouvain.be; affiliation ""Université catholique de Louvain"""
534,533,65,associate,regular,1,,,workbook-2026
535,534,64,associate,regular,1,,,workbook-2026
536,535,64,full,regular,1,,,workbook-2026
537,536,64,assistant,regular,1,,,workbook-2026
538,537,64,associate,regular,1,,,workbook-2026
539,538,64,associate,regular,1,,,workbook-2026
540,539,64,assistant,regular,1,,,workbook-2026
541,540,64,full,regular,1,,,workbook-2026
542,541,64,assistant,regular,1,,,workbook-2026
543,542,64,associate,regular,1,,,workbook-2026
544,543,64,associate,regular,1,,,workbook-2026
545,544,64,associate,regular,1,,,workbook-2026
546,545,64,full,regular,1,,,workbook-2026
547,546,64,assistant,regular,1,,,workbook-2026
548,547,66,assistant,regular,1,,,workbook-2026
549,548,66,assistant,regular,1,,,workbook-2026
550,549,66,assistant,regular,1,,,workbook-2026
551,550,66,assistant,regular,1,,,workbook-2026
552,551,66,full,regular,1,,,workbook-2026
553,552,66,assistant,regular,1,,,workbook-2026
554,553,66,full,regular,1,,,workbook-2026
555,554,66,assistant,regular,1,,,workbook-2026
556,555,66,assistant,regular,1,,,workbook-2026
557,556,66,associate,regular,1,,,workbook-2026
558,557,66,full,regular,1,,,workbook-2026
559,558,66,full,regular,1,,,workbook-2026
560,559,66,full,regular,1,,,workbook-2026
561,560,66,full,regular,1,,,workbook-2026
562,561,66,full,regular,1,,,workbook-2026
563,562,66,associate,regular,1,,2026-09-15,"workbook-2026 | closed 2026-09-15: promote; change from Scholar profile 2026-09-15: email @buffalo.edu; affiliation ""Professor, Urban and Regional Planning, University at Buffalo"""
564,563,67,full,regular,1,,,workbook-2026
565,564,67,assistant,regular,1,,,workbook-2026
566,565,67,full,regular,1,,,workbook-2026
567,566,67,assistant,regular,1,,,workbook-2026
568,567,67,associate,regular,1,,,workbook-2026
569,568,67,full,regular,1,,,workbook-2026
570,569,67,associate,regular,1,,,workbook-2026
571,570,67,full,regular,1,,,workbook-2026
572,571,67,assistant,regular,1,,,workbook-2026
573,572,67,full,regular,1,,,workbook-2026
574,573,67,full,regular,1,,,workbook-2026
575,574,67,full,regular,1,,,workbook-2026
576,575,67,full,regular,1,,,workbook-2026
577,576,67,associate,regular,1,,,workbook-2026
578,577,68,associate,regular,1,,,workbook-2026
579,578,68,associate,regular,1,,,workbook-2026
580,579,68,assistant,regular,1,,2026-09-15,"workbook-2026 | closed 2026-09-15: move; change from Scholar profile 2026-09-15: email @asu.edu; affiliation ""School of Geographical Sciences & Urban Planning, Arizona State University"""
581,580,68,assistant,regular,1,,2026-09-15,"workbook-2026 | closed 2026-09-15: promote; change from Scholar profile 2026-09-15: email @arizona.edu; affiliation ""Associate Professor and Distinguished Scholar, University of Arizona"""
582,581,68,assistant,regular,1,,,workbook-2026
583,582,68,associate,regular,1,,,workbook-2026
584,583,68,full,regular,1,,,workbook-2026
585,584,68,associate,regular,1,,,workbook-2026
586,585,69,full,regular,1,,,workbook-2026
587,586,69,assistant,regular,1,,,workbook-2026
588,587,69,assistant,regular,1,,,workbook-2026
589,588,69,assistant,regular,1,,,workbook-2026
590,589,69,full,regular,1,,,workbook-2026
591,590,69,full,regular,1,,,workbook-2026
592,591,69,full,regular,1,,,workbook-2026
593,592,69,associate,regular,1,,,workbook-2026
594,593,69,assistant,regular,1,,,workbook-2026
595,594,69,associate,regular,1,,,workbook-2026
596,595,69,assistant,regular,1,,,workbook-2026
597,596,69,associate,regular,1,,,workbook-2026
598,597,69,assistant,regular,1,,,workbook-2026
599,598,69,associate,regular,1,,,workbook-2026
600,599,69,associate,regular,1,,,workbook-2026
601,600,69,associate,regular,1,,,workbook-2026
602,601,70,associate,regular,1,,,workbook-2026
603,602,70,assistant,regular,1,,,workbook-2026
604,603,70,full,regular,1,,,workbook-2026
605,604,70,associate,regular,1,,,workbook-2026
606,605,70,full,regular,1,,,workbook-2026
607,606,70,full,regular,1,,,workbook-2026
608,607,70,full,regular,1,,,workbook-2026
609,608,71,full,regular,1,,,workbook-2026
610,609,71,associate,regular,1,,,workbook-2026
611,610,71,full,regular,1,,,workbook-2026
612,611,71,full,regular,1,,,workbook-2026
613,612,71,full,regular,1,,,workbook-2026
614,613,71,assistant,regular,1,,,workbook-2026
615,614,71,assistant,regular,1,,,workbook-2026
616,615,71,associate,regular,1,,,workbook-2026
617,616,71,full,regular,1,,,workbook-2026
618,617,71,full,regular,1,,,workbook-2026
619,618,71,assistant,regular,1,,,workbook-2026
620,619,71,full,regular,1,,,workbook-2026
621,620,72,assistant,regular,1,,,workbook-2026
622,621,72,full,regular,1,,,workbook-2026
623,622,72,associate,regular,1,,,workbook-2026
624,623,72,full,regular,1,,,workbook-2026
625,624,72,assistant,regular,1,,,workbook-2026
626,625,72,full,regular,1,,,workbook-2026
627,626,73,assistant,regular,1,,,workbook-2026
628,627,73,associate,regular,1,,,workbook-2026
629,628,73,full,regular,1,,,workbook-2026
630,629,73,full,regular,1,,,workbook-2026
631,630,73,associate,regular,1,,,workbook-2026
632,631,74,associate,regular,1,,,workbook-2026
633,632,74,associate,regular,1,,,workbook-2026
634,633,74,associate,regular,1,,,workbook-2026
635,634,74,assistant,regular,1,,,workbook-2026
636,635,74,full,regular,1,,,workbook-2026
637,636,74,full,regular,1,,,workbook-2026
638,637,74,full,regular,1,,,workbook-2026
639,638,74,assistant,regular,1,,2026-09-15,"workbook-2026 | closed 2026-09-15: depart; change from Scholar profile 2026-09-15: email @unc.edu; affiliation ""University of North Carolina at Chapel Hill"""
640,639,74,assistant,regular,1,,2026-09-15,"workbook-2026 | closed 2026-09-15: promote; change from Scholar profile 2026-09-15: email @ufl.edu; affiliation ""Associate Professor, University of Florida"""
641,640,74,assistant,regular,1,,2026-09-15,"workbook-2026 | closed 2026-09-15: promote; change from Scholar profile 2026-09-15: email @ufl.edu; affiliation ""Associate Professor in the Department of Urban and Regional Planning at the University of Florida"""
642,641,74,assistant,regular,1,,,workbook-2026
643,642,75,full,regular,1,,,workbook-2026
644,643,75,assistant,regular,1,,,workbook-2026
645,644,75,full,regular,1,,,workbook-2026
646,645,75,assistant,regular,1,,,workbook-2026
647,646,75,assistant,regular,1,,,workbook-2026
648,647,75,associate,regular,1,,,workbook-2026
649,648,75,full,regular,1,,,workbook-2026
650,649,76,assistant,regular,1,,,workbook-2026
651,650,76,full,regular,1,,,workbook-2026
652,651,76,associate,regular,1,,,workbook-2026
653,652,76,assistant,regular,1,,,workbook-2026
654,653,76,associate,regular,1,,,workbook-2026
655,654,76,assistant,regular,1,,,workbook-2026
656,655,76,assistant,regular,1,,,workbook-2026
657,656,77,full,regular,1,,,workbook-2026
658,657,77,associate,regular,1,,,workbook-2026
659,658,77,associate,regular,1,,,workbook-2026
660,659,77,associate,regular,1,,,workbook-2026
661,660,77,full,regular,1,,,workbook-2026
662,661,77,assistant,regular,1,,,workbook-2026
663,662,77,assistant,regular,1,,,workbook-2026
664,663,77,associate,regular,1,,,workbook-2026
665,664,78,associate,regular,1,,,workbook-2026
666,665,78,full,regular,1,,,workbook-2026
667,666,78,full,regular,1,,,workbook-2026
668,667,78,full,regular,1,,,workbook-2026
669,668,78,full,regular,1,,,workbook-2026
670,669,78,associate,regular,1,,,workbook-2026
671,670,78,associate,regular,1,,,workbook-2026
672,671,78,full,regular,1,,,workbook-2026
673,672,78,assistant,regular,1,,,workbook-2026
674,673,78,associate,regular,1,,,workbook-2026
675,674,78,associate,regular,1,,,workbook-2026
676,675,78,associate,regular,1,,,workbook-2026
677,676,78,full,regular,1,,,workbook-2026
678,677,78,associate,regular,1,,2026-09-15,"workbook-2026 | closed 2026-09-15: promote; change from Scholar profile 2026-09-15: email @uic.edu; affiliation ""Professor, Department of Urban Planning and Policy, University of Illinois Chicago"""
679,678,78,assistant,regular,1,,,workbook-2026
680,679,79,assistant,regular,1,,,workbook-2026
681,680,79,assistant,regular,1,,,workbook-2026
682,681,79,full,regular,1,,,workbook-2026
683,682,79,associate,regular,1,,,workbook-2026
684,683,79,assistant,regular,1,,2026-09-15,"workbook-2026 | closed 2026-09-15: move; change from Scholar profile 2026-09-15: email @?; affiliation ""University of Pennsylvania"""
685,684,79,full,regular,1,,,workbook-2026
686,685,79,associate,regular,1,,,workbook-2026
687,686,79,full,regular,1,,,workbook-2026
688,687,79,assistant,regular,1,,,workbook-2026
689,688,79,full,regular,1,,2026-09-15,"workbook-2026 | closed 2026-09-15: depart; change from Scholar profile 2026-09-15: email @unm.edu; affiliation ""Department of Community & Regional Planning, University of Mew Mexico"""
690,689,79,assistant,regular,1,,,workbook-2026
691,690,79,assistant,regular,1,,,workbook-2026
692,691,80,associate,regular,1,,,workbook-2026
693,692,80,assistant,regular,1,,,workbook-2026
694,693,80,assistant,regular,1,,,workbook-2026
695,694,80,associate,regular,1,,,workbook-2026
696,695,80,associate,regular,1,,2026-09-15,"workbook-2026 | closed 2026-09-15: promote; change from Scholar profile 2026-09-15: email @uiowa.edu; affiliation ""Professor, School of Planning & Public Affairs, University of Iowa"""
697,696,80,assistant,regular,1,,,workbook-2026
698,697,80,assistant,regular,1,,,workbook-2026
699,698,81,associate,regular,1,,,workbook-2026
700,699,81,full,regular,1,,,workbook-2026
701,700,81,associate,regular,1,,,workbook-2026
702,701,81,assistant,regular,1,,,workbook-2026
703,702,82,assistant,regular,1,,,workbook-2026
704,703,82,associate,regular,1,,,workbook-2026
705,704,82,assistant,regular,1,,,workbook-2026
706,705,82,full,regular,1,,,workbook-2026
707,706,82,associate,regular,1,,,workbook-2026
708,707,82,full,regular,1,,,workbook-2026
709,708,82,full,regular,1,,,workbook-2026
710,709,82,full,regular,1,,,workbook-2026
711,710,82,associate,regular,1,,,workbook-2026
712,711,82,associate,regular,1,,2026-09-15,"workbook-2026 | closed 2026-09-15: promote; change from Scholar profile 2026-09-15: email @louisville.edu; affiliation ""Professor, University of Louisville"""
713,712,82,associate,regular,1,,,workbook-2026
714,713,82,associate,regular,1,,,workbook-2026
715,714,83,assistant,regular,1,,,workbook-2026
716,715,83,full,regular,1,,,workbook-2026
717,716,83,associate,regular,1,,,workbook-2026
718,717,83,assistant,regular,1,,2026-09-15,"workbook-2026 | closed 2026-09-15: promote; change from Scholar profile 2026-09-15: email @umanitoba.ca; affiliation ""Associate Professor, City Planning, University of Manitoba"""
719,718,83,associate,regular,1,,,workbook-2026
720,719,83,associate,regular,1,,,workbook-2026
721,720,84,associate,regular,1,,,workbook-2026
722,721,84,full,regular,1,,,workbook-2026
723,722,84,full,regular,1,,,workbook-2026
724,723,84,associate,regular,1,,,workbook-2026
725,724,84,associate,regular,1,,,workbook-2026
726,725,84,full,regular,1,,,workbook-2026
727,726,84,associate,regular,1,,,workbook-2026
728,727,84,full,regular,1,,,workbook-2026
729,728,84,full,regular,1,,,workbook-2026
730,729,84,associate,regular,1,,,workbook-2026
731,730,84,assistant,regular,1,,,workbook-2026
732,731,84,assistant,regular,1,,,workbook-2026
733,732,84,associate,regular,1,,,workbook-2026
734,733,85,assistant,regular,1,,,workbook-2026
735,734,85,full,regular,1,,,workbook-2026
736,735,85,associate,regular,1,,,workbook-2026
737,736,85,full,regular,1,,,workbook-2026
738,737,85,associate,regular,1,,,workbook-2026
739,738,85,associate,regular,1,,,workbook-2026
740,739,85,full,regular,1,,,workbook-2026
741,740,86,full,regular,1,,,workbook-2026
742,741,86,associate,regular,1,,,workbook-2026
743,742,86,full,regular,1,,,workbook-2026
744,743,86,assistant,regular,1,,,workbook-2026
745,744,86,associate,regular,1,,,workbook-2026
746,745,86,full,regular,1,,,workbook-2026
747,746,86,assistant,regular,1,,2026-09-15,"workbook-2026 | closed 2026-09-15: depart; change from Scholar profile 2026-09-15: email @uniroma1.it; affiliation ""Associate Professor of Urban Planning, La Sapienza University of Rome"""
748,747,86,full,regular,1,,,workbook-2026
749,748,86,associate,regular,1,,,workbook-2026
750,749,86,assistant,regular,1,,,workbook-2026
751,750,86,assistant,regular,1,,2026-09-15,"workbook-2026 | closed 2026-09-15: move; change from Scholar profile 2026-09-15: email @ufl.edu; affiliation ""University of Florida"""
752,751,87,assistant,regular,1,,2026-09-15,"workbook-2026 | closed 2026-09-15: depart; change from Scholar profile 2026-09-15: email @uw.edu; affiliation ""Assistant Professor at University of Washington, Tacoma"""
753,752,87,full,regular,1,,,workbook-2026
754,753,87,assistant,regular,1,,,workbook-2026
755,754,87,assistant,regular,1,,,workbook-2026
756,755,87,associate,regular,1,,,workbook-2026
757,756,88,associate,regular,1,,,workbook-2026
758,757,88,associate,regular,1,,,workbook-2026
759,758,88,associate,regular,1,,,workbook-2026
760,759,88,associate,regular,1,,,workbook-2026
761,760,88,full,regular,1,,,workbook-2026
762,761,88,associate,regular,1,,,workbook-2026
763,762,88,associate,regular,1,,,workbook-2026
764,763,88,full,regular,1,,,workbook-2026
765,764,88,full,regular,1,,,workbook-2026
766,765,88,assistant,regular,1,,,workbook-2026
767,766,88,full,regular,1,,,workbook-2026
768,767,88,full,regular,1,,,workbook-2026
769,768,88,associate,regular,1,,,workbook-2026
770,769,88,associate,regular,1,,,workbook-2026
771,770,89,full,regular,1,,,workbook-2026
772,771,89,full,regular,1,,,workbook-2026
773,772,89,full,regular,1,,,workbook-2026
774,773,89,assistant,regular,1,,,workbook-2026
775,774,89,full,regular,1,,,workbook-2026
776,775,89,full,regular,1,,,workbook-2026
777,776,89,full,regular,1,,,workbook-2026
778,777,89,assistant,regular,1,,,workbook-2026
779,778,89,assistant,regular,1,,,workbook-2026
780,779,89,full,regular,1,,,workbook-2026
781,780,89,assistant,regular,1,,,workbook-2026
782,781,89,full,regular,1,,,workbook-2026
783,782,89,assistant,regular,1,,,workbook-2026
784,783,90,assistant,regular,1,,,workbook-2026
785,784,90,associate,regular,1,,,workbook-2026
786,785,90,full,regular,1,,,workbook-2026
787,786,90,associate,regular,1,,,workbook-2026
788,787,91,assistant,regular,1,,,workbook-2026
789,788,91,associate,regular,1,,,workbook-2026
790,789,91,full,regular,1,,,workbook-2026
791,790,92,full,regular,1,,,workbook-2026
792,791,92,associate,regular,1,,,workbook-2026
793,792,92,full,regular,1,,,workbook-2026
794,793,92,full,regular,1,,,workbook-2026
795,794,92,associate,regular,1,,,workbook-2026
796,795,92,assistant,regular,1,,,workbook-2026
797,796,92,assistant,regular,1,,,workbook-2026
798,797,93,assistant,regular,1,,,workbook-2026
799,798,93,associate,regular,1,,,workbook-2026
800,799,93,full,regular,1,,,workbook-2026
801,800,93,full,regular,1,,,workbook-2026
802,801,93,full,regular,1,,,workbook-2026
803,802,108,assistant,regular,1,,,workbook-2026; move verified 2026-09-13 against Scholar profile (verified email domain) and department page
804,802,93,assistant,regular,1,,2026-09-13,"workbook-2026; stale duplicate row, closed at migration, actual end date unknown"
805,803,94,associate,regular,1,,,workbook-2026
806,804,94,assistant,regular,1,,,workbook-2026
807,805,94,assistant,regular,1,,,workbook-2026
808,806,94,assistant,regular,1,,,workbook-2026
809,807,95,associate,regular,1,,,workbook-2026
810,808,95,associate,regular,1,,2026-09-15,"workbook-2026 | closed 2026-09-15: move; change from Scholar profile 2026-09-15: email @sdsu.edu; affiliation ""San Diego State University"""
811,809,95,associate,regular,1,,,workbook-2026
812,810,96,assistant,regular,1,,2026-09-15,"workbook-2026 | closed 2026-09-15: promote; change from Scholar profile 2026-09-15: email @uoregon.edu; affiliation ""Associate Professor, University of Oregon School of Planning, Public Policy, and Management"""
813,811,96,associate,regular,1,,,workbook-2026
814,812,96,assistant,regular,1,,,workbook-2026
815,813,96,assistant,regular,1,,,workbook-2026
816,814,96,full,regular,1,,,workbook-2026
817,815,96,full,regular,1,,,workbook-2026
818,816,96,associate,regular,1,,,workbook-2026
819,817,96,associate,regular,1,,,workbook-2026
820,818,96,full,regular,1,,,workbook-2026
821,819,96,associate,regular,1,,,workbook-2026
822,820,96,assistant,regular,1,,,workbook-2026
823,821,96,associate,regular,1,,,workbook-2026
824,822,96,full,regular,1,,,workbook-2026
825,823,96,full,regular,1,,,workbook-2026
826,824,96,full,regular,1,,,workbook-2026
827,825,96,full,regular,1,,,workbook-2026
828,826,97,associate,regular,1,,,workbook-2026
829,827,97,full,regular,1,,,workbook-2026
830,828,97,full,regular,1,,,workbook-2026
831,829,97,full,regular,1,,,workbook-2026
832,830,97,associate,regular,1,,,workbook-2026
833,831,97,assistant,regular,1,,,workbook-2026
834,832,97,assistant,regular,1,,,workbook-2026
835,833,97,full,regular,1,,,workbook-2026
836,834,97,assistant,regular,1,,,workbook-2026
837,835,97,associate,regular,1,,,workbook-2026
838,836,97,assistant,regular,1,,2026-09-15,"workbook-2026 | closed 2026-09-15: promote; change from Scholar profile 2026-09-15: email @upenn.edu; affiliation ""Associate Professor of Urban Planning, University of Pennsylvania"""
839,837,97,assistant,regular,1,,,workbook-2026
840,838,97,associate,regular,1,,,workbook-2026
841,839,97,associate,regular,1,,,workbook-2026
842,840,97,full,regular,1,,,workbook-2026
843,841,97,associate,regular,1,,2026-09-15,"workbook-2026 | closed 2026-09-15: promote; change from Scholar profile 2026-09-15: email @upenn.edu; affiliation ""Professor, University of Pennsylvania"""
844,842,97,associate,regular,1,,,workbook-2026
845,843,97,full,regular,1,,,workbook-2026
846,844,97,associate,regular,1,,2026-09-15,"workbook-2026 | closed 2026-09-15: promote; change from Scholar profile 2026-09-15: email @upenn.edu; affiliation ""Professor of City Planning and Urban Studies, University of Pennsylvania"""
847,845,98,assistant,regular,1,,,workbook-2026
848,846,98,full,regular,1,,,workbook-2026
849,847,98,associate,regular,1,,,workbook-2026
850,848,98,full,regular,1,,,workbook-2026
851,849,98,associate,regular,1,,,workbook-2026
852,850,98,assistant,regular,1,,2026-09-15,"workbook-2026 | closed 2026-09-15: promote; change from Scholar profile 2026-09-15: email @upr.edu; affiliation ""Associate Professor, Graduate School of Planning, University of Puerto Rico - Río Piedras"""
853,851,98,assistant,regular,1,,,workbook-2026
854,852,99,full,regular,1,,,workbook-2026
855,853,99,full,regular,1,,,workbook-2026
856,854,99,full,regular,1,,,workbook-2026
857,855,99,associate,regular,1,,,workbook-2026
858,856,99,full,regular,1,,,workbook-2026
859,857,99,full,regular,1,,,workbook-2026
860,858,99,full,regular,1,,,workbook-2026
861,859,99,full,regular,1,,,workbook-2026
862,860,99,full,regular,1,,,workbook-2026
863,861,99,full,regular,1,,,workbook-2026
864,862,99,full,regular,1,,,workbook-2026
865,863,99,full,regular,1,,,workbook-2026
866,864,99,full,regular,1,,,workbook-2026
867,865,99,full,regular,1,,,workbook-2026
868,866,99,full,regular,1,,,workbook-2026
869,867,99,full,regular,1,,,workbook-2026
870,868,100,full,regular,1,,,workbook-2026
871,869,100,assistant,regular,1,,,workbook-2026
872,870,100,full,regular,1,,,workbook-2026
873,871,100,full,regular,1,,,workbook-2026
874,872,101,associate,regular,1,,,workbook-2026
875,873,101,full,regular,1,,,workbook-2026
876,874,101,assistant,regular,1,,,workbook-2026
877,875,101,associate,regular,1,,,workbook-2026
878,876,101,associate,regular,1,,,workbook-2026
879,877,102,associate,regular,1,,,workbook-2026
880,878,102,assistant,regular,1,,,workbook-2026
881,879,103,full,regular,1,,,workbook-2026
882,880,103,full,regular,1,,,workbook-2026
883,881,103,assistant,regular,1,,,workbook-2026
884,882,103,assistant,regular,1,,,workbook-2026
885,883,103,assistant,regular,1,,,workbook-2026
886,884,103,full,regular,1,,,workbook-2026
887,885,103,assistant,regular,1,,2026-09-15,"workbook-2026 | closed 2026-09-15: promote; change from Scholar profile 2026-09-15: email @uta.edu; affiliation ""Associate Professor, University of Texas at Arlington"""
888,886,104,associate,regular,1,,,workbook-2026
889,887,104,associate,regular,1,,,workbook-2026
890,888,104,assistant,regular,1,,,workbook-2026
891,889,104,associate,regular,1,,2026-09-15,"workbook-2026 | closed 2026-09-15: promote; change from Scholar profile 2026-09-15: email @utexas.edu; affiliation ""Professor of Community and Regional Planning, University of Texas at Austin"""
892,890,104,associate,regular,1,,,workbook-2026
893,891,104,full,regular,1,,,workbook-2026
894,892,104,assistant,regular,1,,,workbook-2026
895,893,104,associate,regular,1,,,workbook-2026
896,894,104,assistant,regular,1,,,workbook-2026
897,895,104,associate,regular,1,,,workbook-2026
898,896,104,full,regular,1,,,workbook-2026
899,897,105,assistant,regular,1,,2026-09-15,"workbook-2026 | closed 2026-09-15: depart; change from Scholar profile 2026-09-15: email @utdallas.edu; affiliation ""Assistant Professor of Sustainability Planning and Policy, University of Texas at Dallas"""
900,898,105,assistant,regular,1,,,workbook-2026
901,899,106,associate,regular,1,,,workbook-2026
902,900,106,full,regular,1,,,workbook-2026
903,901,106,full,regular,1,,,workbook-2026
904,902,106,full,regular,1,,,workbook-2026
905,903,106,full,regular,1,,,workbook-2026
906,904,106,full,regular,1,,,workbook-2026
907,905,106,associate,regular,1,,,workbook-2026
908,906,106,associate,regular,1,,,workbook-2026
909,907,106,assistant,regular,1,,2026-09-15,"workbook-2026 | closed 2026-09-15: depart; change from Scholar profile 2026-09-15: email @whu.edu.cn; affiliation ""Professor, Wuhan University"""
910,908,107,full,regular,1,,,workbook-2026
911,909,107,full,regular,1,,,workbook-2026
912,910,107,full,regular,1,,,workbook-2026
913,911,107,full,regular,1,,,workbook-2026
914,912,107,assistant,regular,1,,,workbook-2026
915,913,107,assistant,regular,1,,,workbook-2026
916,914,107,full,regular,1,,,workbook-2026
917,915,107,assistant,regular,1,,,workbook-2026
918,916,107,full,regular,1,,,workbook-2026
919,917,108,full,regular,1,,,workbook-2026
920,918,108,full,regular,1,,,workbook-2026
921,919,108,associate,regular,1,,,workbook-2026
922,920,108,full,regular,1,,,workbook-2026
923,921,108,full,regular,1,,,workbook-2026
924,922,108,assistant,regular,1,,,workbook-2026
925,923,108,assistant,regular,1,,,workbook-2026
926,924,108,associate,regular,1,,,workbook-2026
927,925,108,associate,regular,1,,,workbook-2026
928,926,109,full,regular,1,,,workbook-2026
929,927,109,associate,regular,1,,,workbook-2026
930,928,109,associate,regular,1,,,workbook-2026
931,929,109,associate,regular,1,,,workbook-2026
932,930,109,full,regular,1,,,workbook-2026
933,931,109,associate,regular,1,,,workbook-2026
934,932,109,associate,regular,1,,,workbook-2026
935,933,110,associate,regular,1,,,workbook-2026
936,934,110,full,regular,1,,,workbook-2026
937,935,110,associate,regular,1,,,workbook-2026
938,936,110,assistant,regular,1,,,workbook-2026
939,937,110,associate,regular,1,,,workbook-2026
940,938,110,assistant,regular,1,,,workbook-2026
941,939,110,full,regular,1,,,workbook-2026
942,940,110,full,regular,1,,,workbook-2026
943,941,110,full,regular,1,,,workbook-2026
944,942,110,assistant,regular,1,,,workbook-2026
945,943,110,associate,regular,1,,2026-09-15,"workbook-2026 | closed 2026-09-15: promote; change from Scholar profile 2026-09-15: email @uw.edu; affiliation ""Professor of Urban Design and Planning, University of Washington"""
946,944,111,assistant,regular,1,,,workbook-2026
947,945,111,assistant,regular,1,,,workbook-2026
948,946,111,full,regular,1,,,workbook-2026
949,947,111,associate,regular,1,,,workbook-2026
950,948,111,associate,regular,1,,,workbook-2026
951,949,111,associate,regular,1,,,workbook-2026
952,950,111,associate,regular,1,,,workbook-2026
953,951,111,associate,regular,1,,,workbook-2026
954,952,111,associate,regular,1,,,workbook-2026
955,953,111,associate,regular,1,,,workbook-2026
956,954,111,assistant,regular,1,,,workbook-2026
957,955,111,associate,regular,1,,,workbook-2026
958,956,111,associate,regular,1,,,workbook-2026
959,957,111,full,regular,1,,,workbook-2026
960,958,111,assistant,regular,1,,,workbook-2026
961,959,111,assistant,regular,1,,,workbook-2026
962,960,111,associate,regular,1,,,workbook-2026
963,961,111,full,regular,1,,,workbook-2026
964,962,111,associate,regular,1,,2026-09-15,"workbook-2026 | closed 2026-09-15: promote; change from Scholar profile 2026-09-15: email @uwaterloo.ca; affiliation ""Professor, School of Planning, University of Waterloo"""
965,963,112,assistant,regular,1,,,workbook-2026
966,964,112,assistant,regular,1,,,workbook-2026
967,965,112,full,regular,1,,,workbook-2026
968,966,112,full,regular,1,,,workbook-2026
969,967,112,assistant,regular,1,,2026-09-15,"workbook-2026 | closed 2026-09-15: promote; change from Scholar profile 2026-09-15: email @wisc.edu; affiliation ""Associate Professor, University of Wisconsin-Madison"""
970,968,112,full,regular,1,,,workbook-2026
971,969,112,full,regular,1,,,workbook-2026
972,970,112,full,regular,1,,,workbook-2026
973,971,112,full,regular,1,,,workbook-2026
974,972,112,assistant,regular,1,,,workbook-2026
975,973,112,assistant,regular,1,,,workbook-2026
976,974,113,associate,regular,1,,,workbook-2026
977,975,113,associate,regular,1,,,workbook-2026
978,976,113,assistant,regular,1,,,workbook-2026
979,977,113,full,regular,1,,,workbook-2026
980,978,63,full,regular,1,,,workbook-2026
981,979,63,assistant,regular,1,,,workbook-2026
982,980,63,assistant,regular,1,,,workbook-2026
983,981,63,full,regular,1,,,workbook-2026
984,982,63,assistant,regular,1,,,workbook-2026
985,983,63,full,regular,1,,,workbook-2026
986,984,63,full,regular,1,,,workbook-2026
987,985,63,full,regular,1,,,workbook-2026
988,986,63,associate,regular,1,,,workbook-2026
989,987,63,full,regular,1,,,workbook-2026
990,988,63,full,regular,1,,2026-09-15,"workbook-2026 | closed 2026-09-15: depart; change from Scholar profile 2026-09-15: email @uc.edu; affiliation ""Professor and BEARE Chair, UC Lindner School of Business"""
991,989,63,associate,regular,1,,,workbook-2026
992,990,63,associate,regular,1,,,workbook-2026
993,991,63,full,regular,1,,,workbook-2026
994,992,63,full,regular,1,,2026-09-15,"workbook-2026 | closed 2026-09-15: move; change from Scholar profile 2026-09-15: email @sjsu.edu; affiliation ""Associate Dean for Research and Faculty Success, San Jose State University"""
995,993,114,full,regular,1,,,workbook-2026
996,994,114,full,regular,1,,,workbook-2026
997,995,114,associate,regular,1,,,workbook-2026
998,996,114,associate,regular,1,,,workbook-2026
999,997,114,associate,regular,1,,,workbook-2026
1000,998,114,associate,regular,1,,,workbook-2026
1001,999,114,associate,regular,1,,,workbook-2026
1002,1000,114,assistant,regular,1,,,workbook-2026
1003,1001,114,associate,regular,1,,,workbook-2026
1004,1002,114,full,regular,1,,,workbook-2026
1005,1003,115,associate,regular,1,,,workbook-2026
1006,1004,115,full,regular,1,,,workbook-2026
1007,1005,115,associate,regular,1,,,workbook-2026
1008,1006,115,full,regular,1,,,workbook-2026
1009,1007,115,associate,regular,1,,,workbook-2026
1010,1008,115,associate,regular,1,,2026-09-15,"workbook-2026 | closed 2026-09-15: promote; change from Scholar profile 2026-09-15: email @vt.edu; affiliation ""Professor, School of Public and International Affairs, Virginia Tech"""
1011,1009,115,associate,regular,1,,,workbook-2026
1012,1010,115,full,regular,1,,,workbook-2026
1013,1011,115,assistant,regular,1,,,workbook-2026
1014,1012,115,associate,regular,1,,,workbook-2026
1015,1013,115,associate,regular,1,,,workbook-2026
1016,1014,115,associate,regular,1,,,workbook-2026
1017,1015,116,assistant,regular,1,,,workbook-2026
1018,1016,116,assistant,regular,1,,,workbook-2026
1019,1017,116,assistant,regular,1,,,workbook-2026
1020,1018,116,full,regular,1,,,workbook-2026
1021,1019,116,full,regular,1,,,workbook-2026
1022,1020,116,full,regular,1,,,workbook-2026
1023,1021,117,full,regular,1,,,workbook-2026
1024,1022,117,full,regular,1,,,workbook-2026
1025,1023,117,full,regular,1,,2026-09-15,"workbook-2026 | closed 2026-09-15: depart; change from Scholar profile 2026-09-15: email @smc.edu; affiliation ""Professor of Geography, Santa Monica College"""
1026,1024,117,associate,regular,1,,,workbook-2026
1027,1025,117,full,regular,1,,,workbook-2026
1028,1026,117,assistant,regular,1,,,workbook-2026
1029,1027,117,full,regular,1,,,workbook-2026
1030,1028,118,associate,regular,1,,,workbook-2026
1031,1029,118,assistant,regular,1,,,workbook-2026
1032,1030,118,full,regular,1,,,workbook-2026
1033,1031,118,associate,regular,1,,,workbook-2026
1034,1032,118,full,regular,1,,,workbook-2026
1035,1033,119,full,regular,1,,,workbook-2026
1036,1034,119,full,regular,1,,,workbook-2026
1037,1035,119,assistant,regular,1,,,workbook-2026
1038,1036,119,associate,regular,1,,,workbook-2026
1039,1037,119,assistant,regular,1,,,workbook-2026
1040,1038,119,associate,regular,1,,,workbook-2026
1041,1039,120,full,regular,1,,,workbook-2026
1042,1040,120,associate,regular,1,,,workbook-2026
1043,1041,120,assistant,regular,1,,,workbook-2026
1044,1042,120,full,regular,1,,,workbook-2026
1045,1043,120,full,regular,1,,,workbook-2026
1046,1044,120,associate,regular,1,,,workbook-2026
1047,1045,120,full,regular,1,,,workbook-2026
1048,1046,120,full,regular,1,,,workbook-2026
1049,1047,120,assistant,regular,1,,2026-09-15,"workbook-2026 | closed 2026-09-15: move; change from Scholar profile 2026-09-15: email @utoronto.ca; affiliation ""University of Toronto"""
1050,1048,120,associate,regular,1,,,workbook-2026
1051,1049,120,full,regular,1,,,workbook-2026
1052,11,66,full,regular,1,2026-09-14,,"change from Scholar profile 2026-09-14: email @buffalo.edu; affiliation ""SUNY-Buffalo"""
1054,39,6,full,regular,1,2026-09-14,,"change from Scholar profile 2026-09-14: email @cpp.edu; affiliation ""Professor, Cal Poly Pomona"""
1055,78,12,associate,regular,1,2026-09-14,,"change from Scholar profile 2026-09-14: email @cornell.edu; affiliation ""Associate Professor, Cornell University"""
1056,88,13,full,regular,1,2026-09-14,,"change from Scholar profile 2026-09-14: email @dal.ca; affiliation ""Professor of School of Planning, and Civil and Resource Engineering, Dalhousie University"""
1057,92,13,associate,regular,1,2026-09-14,,"change from Scholar profile 2026-09-14: email @dal.ca; affiliation ""Associate Professor, Dalhousie University"""
1058,121,20,associate,regular,1,2026-09-15,,"change from Scholar profile 2026-09-15: email @gatech.edu; affiliation ""Associate Professor @ Georgia Tech"""
1059,144,21,associate,regular,1,2026-09-15,,"change from Scholar profile 2026-09-15: email @harvard.edu; affiliation ""Associate Professor, Urban Planning and Design, Harvard University"""
1060,145,78,full,regular,1,2026-09-15,,"change from Scholar profile 2026-09-15: email @uic.edu; affiliation ""Department of Urban Planning and Policy, University of Illinois at Chicago"""
1061,167,24,full,regular,1,2026-09-15,,"change from Scholar profile 2026-09-15: email @iastate.edu; affiliation ""Professor of Urban and Regional Planning, Iowa State University"""
1062,176,26,associate,regular,1,2026-09-15,,"change from Scholar profile 2026-09-15: email @ksu.edu; affiliation ""Associate Professor, Kansas State University"""
1063,178,26,associate,regular,1,2026-09-15,,"change from Scholar profile 2026-09-15: email @ksu.edu; affiliation ""Associate Professor of Regional and Community Planning, Kansas State University"""
1064,216,27,associate,regular,1,2026-09-15,,"change from Scholar profile 2026-09-15: email @mit.edu; affiliation ""Associate Professor of Urban Science and Planning at MIT Dept of Urban Studies and Planning"""
1065,226,27,full,regular,1,2026-09-15,,"change from Scholar profile 2026-09-15: email @mit.edu; affiliation ""Professor of Law and Development, MIT"""
1066,228,27,full,regular,1,2026-09-15,,"change from Scholar profile 2026-09-15: email @mit.edu; affiliation ""Professor of Urban Design and Public Policy, MIT"""
1067,249,12,assistant,regular,1,2026-09-15,,"change from Scholar profile 2026-09-15: email @cornell.edu; affiliation ""Cornell University College of Architecture, Art, and Planning"""
1068,272,37,associate,regular,1,2026-09-15,,"change from Scholar profile 2026-09-15: email @nau.edu; affiliation ""Associate Professor, Northern Arizona University"""
1069,296,76,associate,regular,1,2026-09-15,,"change from Scholar profile 2026-09-15: email @uoguelph.ca; affiliation ""University of Guelph"""
1070,330,43,associate,regular,1,2026-09-15,,"change from Scholar profile 2026-09-15: email @rutgers.edu; affiliation ""Associate Professor, Bloustein School of Planning and Public Policy, Rutgers University"""
1071,336,43,full,regular,1,2026-09-15,,"change from Scholar profile 2026-09-15: email @rutgers.edu; affiliation ""Professor, Rutgers University"""
1072,338,43,associate,regular,1,2026-09-15,,"change from Scholar profile 2026-09-15: email @rutgers.edu; affiliation ""Associate Professor at Rutgers University"""
1073,345,44,full,regular,1,2026-09-15,,"change from Scholar profile 2026-09-15: email @rutgers.edu; affiliation ""Chair and Professor of Landscape Architecture, Rutgers University"""
1074,370,50,associate,regular,1,2026-09-15,,"change from Scholar profile 2026-09-15: email @albany.edu; affiliation ""Associate Professor, State University of New York at Albany"""
1075,383,52,associate,regular,1,2026-09-15,,"change from Scholar profile 2026-09-15: email @tamu.edu; affiliation ""Associate Professor, Texas A&M University"""
1076,393,52,associate,regular,1,2026-09-15,,"change from Scholar profile 2026-09-15: email @tamu.edu; affiliation ""Associate Professor, Texas A&M University"""
1077,436,58,full,regular,1,2026-09-15,,"change from Scholar profile 2026-09-15: email @berkeley.edu; affiliation ""Professor, City & Regional Planning; Interim Dean, College of Environmental Design; UC Berkeley"""
1078,490,61,full,regular,1,2026-09-15,,"change from Scholar profile 2026-09-15: email @ucla.edu; affiliation ""Professor of Urban Planning and Public Policy, UCLA"""
1079,526,65,full,regular,1,2026-09-15,,"change from Scholar profile 2026-09-15: email @umontreal.ca; affiliation ""Professor of urban planning - Université de Montréal"""
1080,562,66,full,regular,1,2026-09-15,,"change from Scholar profile 2026-09-15: email @buffalo.edu; affiliation ""Professor, Urban and Regional Planning, University at Buffalo"""
1081,579,3,assistant,regular,1,2026-09-15,,"change from Scholar profile 2026-09-15: email @asu.edu; affiliation ""School of Geographical Sciences & Urban Planning, Arizona State University"""
1082,580,68,associate,regular,1,2026-09-15,,"change from Scholar profile 2026-09-15: email @arizona.edu; affiliation ""Associate Professor and Distinguished Scholar, University of Arizona"""
1083,639,74,associate,regular,1,2026-09-15,,"change from Scholar profile 2026-09-15: email @ufl.edu; affiliation ""Associate Professor, University of Florida"""
1084,640,74,associate,regular,1,2026-09-15,,"change from Scholar profile 2026-09-15: email @ufl.edu; affiliation ""Associate Professor in the Department of Urban and Regional Planning at the University of Florida"""
1085,677,78,full,regular,1,2026-09-15,,"change from Scholar profile 2026-09-15: email @uic.edu; affiliation ""Professor, Department of Urban Planning and Policy, University of Illinois Chicago"""
1086,683,97,assistant,regular,1,2026-09-15,,"change from Scholar profile 2026-09-15: email @?; affiliation ""University of Pennsylvania"""
1087,695,80,full,regular,1,2026-09-15,,"change from Scholar profile 2026-09-15: email @uiowa.edu; affiliation ""Professor, School of Planning & Public Affairs, University of Iowa"""
1088,711,82,full,regular,1,2026-09-15,,"change from Scholar profile 2026-09-15: email @louisville.edu; affiliation ""Professor, University of Louisville"""
1089,717,83,associate,regular,1,2026-09-15,,"change from Scholar profile 2026-09-15: email @umanitoba.ca; affiliation ""Associate Professor, City Planning, University of Manitoba"""
1090,750,74,assistant,regular,1,2026-09-15,,"change from Scholar profile 2026-09-15: email @ufl.edu; affiliation ""University of Florida"""
1091,808,46,associate,regular,1,2026-09-15,,"change from Scholar profile 2026-09-15: email @sdsu.edu; affiliation ""San Diego State University"""
1092,810,96,associate,regular,1,2026-09-15,,"change from Scholar profile 2026-09-15: email @uoregon.edu; affiliation ""Associate Professor, University of Oregon School of Planning, Public Policy, and Management"""
1093,836,97,associate,regular,1,2026-09-15,,"change from Scholar profile 2026-09-15: email @upenn.edu; affiliation ""Associate Professor of Urban Planning, University of Pennsylvania"""
1094,841,97,full,regular,1,2026-09-15,,"change from Scholar profile 2026-09-15: email @upenn.edu; affiliation ""Professor, University of Pennsylvania"""
1095,844,97,full,regular,1,2026-09-15,,"change from Scholar profile 2026-09-15: email @upenn.edu; affiliation ""Professor of City Planning and Urban Studies, University of Pennsylvania"""
1096,850,98,associate,regular,1,2026-09-15,,"change from Scholar profile 2026-09-15: email @upr.edu; affiliation ""Associate Professor, Graduate School of Planning, University of Puerto Rico - Río Piedras"""
1097,885,103,associate,regular,1,2026-09-15,,"change from Scholar profile 2026-09-15: email @uta.edu; affiliation ""Associate Professor, University of Texas at Arlington"""
1098,889,104,full,regular,1,2026-09-15,,"change from Scholar profile 2026-09-15: email @utexas.edu; affiliation ""Professor of Community and Regional Planning, University of Texas at Austin"""
1099,943,110,full,regular,1,2026-09-15,,"change from Scholar profile 2026-09-15: email @uw.edu; affiliation ""Professor of Urban Design and Planning, University of Washington"""
1100,962,111,full,regular,1,2026-09-15,,"change from Scholar profile 2026-09-15: email @uwaterloo.ca; affiliation ""Professor, School of Planning, University of Waterloo"""
1101,967,112,associate,regular,1,2026-09-15,,"change from Scholar profile 2026-09-15: email @wisc.edu; affiliation ""Associate Professor, University of Wisconsin-Madison"""
1102,1008,115,full,regular,1,2026-09-15,,"change from Scholar profile 2026-09-15: email @vt.edu; affiliation ""Professor, School of Public and International Affairs, Virginia Tech"""
1103,1047,107,assistant,regular,1,2026-09-15,,"change from Scholar profile 2026-09-15: email @utoronto.ca; affiliation ""University of Toronto"""
1104,992,47,full,regular,1,2026-09-15,,"change from Scholar profile 2026-09-15: email @sjsu.edu; affiliation ""Associate Dean for Research and Faculty Success, San Jose State University"""
