department_id,short_name,name,university,country,url,openalex_institution_id,ror_id,acsp_member,active
1,Alabama A&M University,Alabama A&M University,Alabama A&M University,US,http://www.aamu.edu/academics/alns/crp/pages/default.aspx,,,,1
2,Appalachian State University,Appalachian State University,Appalachian State University,US,https://geo.appstate.edu/,,,,1
3,Arizona State University,Arizona State University,Arizona State University,US,http://geoplan.asu.edu/,,,,1
4,Auburn University,Auburn University,Auburn University,US,http://cla.auburn.edu/polisci/graduate-programs/master-of-community-planning/about-the-program/,,,,1
5,Ball State University,Ball State University,Ball State University,US,https://www.bsu.edu/academics/collegesanddepartments/urban-planning,,,,1
6,"Cal Poly, Pomona","Cal Poly, Pomona","Cal Poly, Pomona",US,http://env.cpp.edu/urp/urp,,,,1
7,"Cal Poly, San Luis Obispo","Cal Poly, San Luis Obispo","Cal Poly, San Luis Obispo",US,http://planning.calpoly.edu/,,,,1
8,"California State University, Northridge","California State University, Northridge","California State University, Northridge",US,http://csun.edu/social-behavioral-sciences/urban-studies-planning,,,,1
9,Clemson University,Clemson University,Clemson University,US,http://clemson.edu/caah/departments/city-and-regional-planning/,,,,1
10,Cleveland State University,Cleveland State University,Cleveland State University,US,http://csuohio.edu/urban/mupd/mupd,,,,1
11,Columbia University,Columbia University,Columbia University,US,http://arch.columbia.edu/programs/10-m-s-urban-planning,,,,1
12,Cornell University,Cornell University,Cornell University,US,http://aap.cornell.edu/academics/crp,,,,1
13,Dalhousie University,Dalhousie University,Dalhousie University,CA,http://dal.ca/faculty/architecture-planning/school-of-planning.html,,,,1
14,East Carolina University,East Carolina University,East Carolina University,US,https://planning.ecu.edu/,,,,1
15,Eastern Michigan University,Eastern Michigan University,Eastern Michigan University,US,https://www.emich.edu/geography-geology/programs/urban-regional-planning/index.php,,,,1
16,Eastern Washington,Eastern Washington,Eastern Washington,US,https://www.ewu.edu/css/geography-anthropology/urban-regional-planning/,,,,1
17,Florida Atlantic University,Florida Atlantic University,Florida Atlantic University,US,https://planning.fau.edu,,,,1
18,Florida State University,Florida State University,Florida State University,US,http://coss.fsu.edu/durp/,,,,1
19,Georgetown University,Georgetown University,Georgetown University,US,https://scs.georgetown.edu/programs/356/master-of-professional-studies-urban-and-regional-planning/,,,,1
20,Georgia Tech,Georgia Tech,Georgia Tech,US,http://planning.gatech.edu/,,,,1
21,Harvard University,Harvard University,Harvard University,US,http://gsd.harvard.edu/#/academic-programs/urban-planning-design/urban-planning/index.html,,,,1
22,Hunter College,Hunter College,Hunter College,US,http://www.hunterurban.org/,,,,1
23,Indiana University of Pennsylvania,Indiana University of Pennsylvania,Indiana University of Pennsylvania,US,http://iup.edu/georegionalplan/,,,,1
24,Iowa State University,Iowa State University,Iowa State University,US,https://www.design.iastate.edu/community-and-regional-planning/,,,,1
25,Jackson State University,Jackson State University,Jackson State University,US,http://www.jsums.edu/planning/,,,,1
26,Kansas State University,Kansas State University,Kansas State University,US,http://apdesign.k-state.edu/larcp/,,,,1
27,MIT,MIT,MIT,US,http://dusp.mit.edu/,,,,1
28,McGill University,McGill University,McGill University,CA,http://mcgill.ca/urbanplanning/school-urban-planning,,,,1
29,Miami University,Miami University,Miami University,US,https://miamioh.edu/cas/academics/departments/geography/academics/majors/urban-regional-planning-major/,,,,1
30,Michigan State University,Michigan State University,Michigan State University,US,http://spdc.msu.edu/programs/urban_and_regional_planning,,,,1
31,"Minnesota State University, Mankato","Minnesota State University, Mankato","Minnesota State University, Mankato",US,http://sbs.mnsu.edu/ursi/,,,,1
32,Missouri State University,Missouri State University,Missouri State University,US,http://geosciences.missouristate.edu/,,,,1
33,Morgan State University,Morgan State University,Morgan State University,US,http://morgan.edu/sap/crep,,,,1
34,New Jersey Institute of Technology,New Jersey Institute of Technology,New Jersey Institute of Technology,US,http://architecture.njit.edu/academics/graduate/mip.php,,,,1
35,New York University,New York University,New York University,US,http://wagner.nyu.edu/urbanplanning,,,,1
36,Northeastern University,Northeastern University,Northeastern University,US,https://cssh.northeastern.edu/policyschool/program/ms-in-urban-planning-and-policy/,,,,1
37,Northern Arizona University,Northern Arizona University,Northern Arizona University,US,http://nau.edu/SBS/GPR/Degrees-Programs/Geography/,,,,1
38,Ohio State University,Ohio State University,Ohio State University,US,http://knowlton.osu.edu/programs/city-and-regional-planning,,,,1
39,Portland State University,Portland State University,Portland State University,US,http://pdx.edu/usp/master-urban-and-regional-planning-murp,,,,1
40,Pratt Institute,Pratt Institute,Pratt Institute,US,http://pratt.edu/academics/architecture/city-and-regional-planning/,,,,1
41,Queen's University,Queen's University,Queen's University,CA,https://www.queensu.ca/geographyandplanning/surp/,,,,1
42,Rowan University,Rowan University,Rowan University,US,https://earth.rowan.edu/departments/geography/,,,,1
43,Rutgers University,Rutgers University,Rutgers University,US,http://bloustein.rutgers.edu/graduate/uppd/,,,,1
44,"Rutgers University, School of Environmental & Biological Sciences","Rutgers University, School of Environmental & Biological Sciences","Rutgers University, School of Environmental & Biological Sciences",US,http://sebs.rutgers.edu/,,,,1
45,Salisbury University,Salisbury University,Salisbury University,US,https://www.salisbury.edu/explore-academics/programs/undergraduate-degree-programs/majors/urban-regional-planning-major.aspx,,,,1
46,San Diego State University,San Diego State University,San Diego State University,US,https://spa.sdsu.edu/index.php/academic_programs/city_planning/cp-overview,,,,1
47,San Jose State University,San Jose State University,San Jose State University,US,http://sjsu.edu/urbanplanning/,,,,1
48,Savannah State University,Savannah State University,Savannah State University,US,https://www.savannahstate.edu/graduate/master-degrees/degrees-grad-us.shtml,,,,1
49,Simon Fraser University,Simon Fraser University,Simon Fraser University,CA,https://www.sfu.ca/rem.html,,,,1
50,State University of New York at Albany,State University of New York at Albany,State University of New York at Albany,US,http://albany.edu/gp/,,,,1
51,Temple University,Temple University,Temple University,US,https://tyler.temple.edu/programs/planning-community-development,,,,1
52,Texas A&M University,Texas A&M University,Texas A&M University,US,http://laup.arch.tamu.edu/,,,,1
53,Texas Southern University,Texas Southern University,Texas Southern University,US,http://bjmlspa.tsu.edu/,,,,1
54,The New School,The New School,The New School,US,http://newschool.edu/public-engagement/ms-urban-policy-analysis-management/,,,,1
55,Toronto Metropolitan University,Toronto Metropolitan University,Toronto Metropolitan University,CA,https://www.torontomu.ca/school-of-urban-and-regional-planning/,,,,1
56,Tufts University,Tufts University,Tufts University,US,http://ase.tufts.edu/uep/,,,,1
57,Tulane University,Tulane University,Tulane University,US,https://architecture.tulane.edu/academics/sustainable-urbanism,,,,1
58,UC Berkeley,UC Berkeley,UC Berkeley,US,http://ced.berkeley.edu/academics/city-regional-planning/,,,,1
59,UC Irvine,UC Irvine,UC Irvine,US,http://ppd.soceco.uci.edu/,,,,1
60,UC San Diego,UC San Diego,UC San Diego,US,https://usp.ucsd.edu/,,,,1
61,UCLA,UCLA,UCLA,US,http://luskin.ucla.edu/urban-planning,,,,1
62,UNC,UNC,UNC,US,http://planning.unc.edu/,,,,1
63,USC,USC,USC,US,http://priceschool.usc.edu/programs/masters/mpl/,,,,1
64,Universite Laval,Universite Laval,Universite Laval,CA,https://www.esad.ulaval.ca/en,,,,1
65,Universite de Montreal,Universite de Montreal,Universite de Montreal,CA,http://urbanisme.umontreal.ca/,,,,1
66,"University at Buffalo, The State University of New York","University at Buffalo, The State University of New York","University at Buffalo, The State University of New York",US,http://ap.buffalo.edu/academics/graduate-degrees/mup.html,,,,1
67,University of Alberta,University of Alberta,University of Alberta,CA,http://planning.eas.ualberta.ca/,,,,1
68,University of Arizona,University of Arizona,University of Arizona,US,http://capla.arizona.edu/planning-program,,,,1
69,University of British Columbia,University of British Columbia,University of British Columbia,CA,http://scarp.ubc.ca/,,,,1
70,University of Calgary,University of Calgary,University of Calgary,CA,http://evds.ucalgary.ca/content/master-planning-mplan,,,,1
71,University of Cincinnati,University of Cincinnati,University of Cincinnati,US,https://daap.uc.edu/academic-programs/school-of-planning.html,,,,1
72,"University of Colorado, Denver","University of Colorado, Denver","University of Colorado, Denver",US,http://ucdenver.edu/academics/colleges/ArchitecturePlanning/Academics/DegreePrograms/MURP/Pages/MURP.aspx,,,,1
73,University of Delaware,University of Delaware,University of Delaware,US,https://www.bidenschool.udel.edu/masters-programs/masters-programs/m-a-in-urban-affairs-public-policy,,,,1
74,University of Florida,University of Florida,University of Florida,US,http://dcp.ufl.edu/urp/,,,,1
75,University of Georgia,University of Georgia,University of Georgia,US,http://ced.uga.edu/degrees/mepd/,,,,1
76,University of Guelph,University of Guelph,University of Guelph,CA,http://uoguelph.ca/sedrd/rural-planning-development,,,,1
77,University of Hawaii,University of Hawaii,University of Hawaii,US,http://manoa.hawaii.edu/durp/,,,,1
78,"University of Illinois, Chicago","University of Illinois, Chicago","University of Illinois, Chicago",US,http://upp.uic.edu/,,,,1
79,"University of Illinois, Urbana-Champaign","University of Illinois, Urbana-Champaign","University of Illinois, Urbana-Champaign",US,http://urban.illinois.edu/,,,,1
80,University of Iowa,University of Iowa,University of Iowa,US,http://urban.uiowa.edu/,,,,1
81,University of Kansas,University of Kansas,University of Kansas,US,http://urbanplanning.ku.edu/,,,,1
82,University of Louisville,University of Louisville,University of Louisville,US,http://supa.louisville.edu/,,,,1
83,University of Manitoba,University of Manitoba,University of Manitoba,CA,http://umanitoba.ca/faculties/architecture/programs/cityplanning/index.html,,,,1
84,University of Maryland,University of Maryland,University of Maryland,US,http://arch.umd.edu/ursp/urban-studies-and-planning,,,,1
85,University of Massachusetts-Amherst,University of Massachusetts-Amherst,University of Massachusetts-Amherst,US,http://umass.edu/larp/home,,,,1
86,University of Massachusetts-Boston,University of Massachusetts-Boston,University of Massachusetts-Boston,US,https://environment.umb.edu/graduate-programs/urban-planning-and-community-development-ms,,,,1
87,University of Memphis,University of Memphis,University of Memphis,US,http://memphis.edu/planning/,,,,1
88,University of Michigan,University of Michigan,University of Michigan,US,http://taubmancollege.umich.edu/urbanplanning,,,,1
89,University of Minnesota,University of Minnesota,University of Minnesota,US,http://hhh.umn.edu/masters-degrees/master-urban-and-regional-planning,,,,1
90,University of Missouri-Kansas City,University of Missouri-Kansas City,University of Missouri-Kansas City,US,http://info.umkc.edu/aupd/academic-programs/urban-planning-design/,,,,1
91,University of Nebraska,University of Nebraska,University of Nebraska,US,http://architecture.unl.edu/degree-programs/community-and-regional-planning,,,,1
92,University of New Mexico,University of New Mexico,University of New Mexico,US,https://crp.unm.edu/index.html,,,,1
93,University of New Orleans,University of New Orleans,University of New Orleans,US,https://www.uno.edu/academics/colaehd/la/planning-and-urban-studies,,,,1
94,University of Northern British Columbia,University of Northern British Columbia,University of Northern British Columbia,CA,https://www2.unbc.ca/environmental-planning,,,,1
95,University of Oklahoma,University of Oklahoma,University of Oklahoma,US,https://architecture.ou.edu/regional-city-planning/,,,,1
96,University of Oregon,University of Oregon,University of Oregon,US,http://pppm.uoregon.edu/,,,,1
97,University of Pennsylvania,University of Pennsylvania,University of Pennsylvania,US,https://www.design.upenn.edu/city-regional-planning/graduate/work,,,,1
98,University of Puerto Rico,University of Puerto Rico,University of Puerto Rico,US,http://planificacion.uprrp.edu/,,,,1
99,University of Quebec in Montreal,University of Quebec in Montreal,University of Quebec in Montreal,CA,https://etudier.uqam.ca/programme/maitrise-etudes-urbaines,,,,1
100,University of Saskatchewan,University of Saskatchewan,University of Saskatchewan,CA,https://artsandscience.usask.ca/geography/undergraduates/regional-and-urban-planning.php,,,,1
101,University of South Florida,University of South Florida,University of South Florida,US,https://www.usf.edu/arts-sciences/departments/public-affairs/murp/,,,,1
102,University of Southern Maine,University of Southern Maine,University of Southern Maine,US,https://usm.maine.edu/policy-planning-management,,,,1
103,"University of Texas, Arlington","University of Texas, Arlington","University of Texas, Arlington",US,https://www.uta.edu/cappa/academics/planning-publicaffairs/index.php,,,,1
104,"University of Texas, Austin","University of Texas, Austin","University of Texas, Austin",US,http://soa.utexas.edu/programs/community-and-regional-planning,,,,1
105,"University of Texas, San Antonio","University of Texas, San Antonio","University of Texas, San Antonio",US,https://klesse.utsa.edu/architecture-planning/msurp.html,,,,1
106,University of Toledo,University of Toledo,University of Toledo,US,http://utoledo.edu/llss/geography/,,,,1
107,University of Toronto,University of Toronto,University of Toronto,CA,http://geography.utoronto.ca/graduate-planning/,,,,1
108,University of Utah,University of Utah,University of Utah,US,http://plan.cap.utah.edu/,,,,1
109,University of Virginia,University of Virginia,University of Virginia,US,http://arch.virginia.edu/urban-environmental-planning,,,,1
110,University of Washington,University of Washington,University of Washington,US,http://urbdp.be.washington.edu/,,,,1
111,"University of Waterloo, Ontario","University of Waterloo, Ontario","University of Waterloo, Ontario",CA,http://uwaterloo.ca/planning/,,,,1
112,"University of Wisconsin, Madison","University of Wisconsin, Madison","University of Wisconsin, Madison",US,https://dpla.wisc.edu,,,,1
113,"University of Wisconsin, Milwaukee","University of Wisconsin, Milwaukee","University of Wisconsin, Milwaukee",US,http://uwm.edu/sarup/program/planning/,,,,1
114,Virginia Commonwealth University,Virginia Commonwealth University,Virginia Commonwealth University,US,https://wilder.vcu.edu/programs/urban-and-regional-studies-planning/,,,,1
115,Virginia Tech,Virginia Tech,Virginia Tech,US,http://uap.vt.edu/,,,,1
116,Wayne State University,Wayne State University,Wayne State University,US,https://clas.wayne.edu/usp,,,,1
117,West Chester University,West Chester University,West Chester University,US,https://www.wcupa.edu/business-publicManagement/geographyPlanning/,,,,1
118,Western Washington University,Western Washington University,Western Washington University,US,https://huxley.wwu.edu/urban-planning-and-sustainable-development-program,,,,1
119,Westfield State University,Westfield State University,Westfield State University,US,http://westfield.ma.edu/academics/geography-and-regional-planning-department,,,,1
120,York University,York University,York University,CA,http://urst.sosc.laps.yorku.ca/,,,,1
