department_id,department,name,site_rank,reason,held_on
3,Arizona State University,Cheng-Kai Hsu,assistant,"school- or department-wide page, not the planning program (Alex, 2026-09-27)",2026-09-27
3,Arizona State University,David Hondula,associate,"school- or department-wide page, not the planning program (Alex, 2026-09-27)",2026-09-27
3,Arizona State University,Greg Asner,full,"school- or department-wide page, not the planning program (Alex, 2026-09-27)",2026-09-27
3,Arizona State University,Heather Baier,assistant,"school- or department-wide page, not the planning program (Alex, 2026-09-27)",2026-09-27
3,Arizona State University,Mark Schmeeckle,full,"school- or department-wide page, not the planning program (Alex, 2026-09-27)",2026-09-27
3,Arizona State University,Martin J. Pasqualetti,full,"school- or department-wide page, not the planning program (Alex, 2026-09-27)",2026-09-27
3,Arizona State University,Randall Cerveny,full,"school- or department-wide page, not the planning program (Alex, 2026-09-27)",2026-09-27
3,Arizona State University,Robert Balling,full,"school- or department-wide page, not the planning program (Alex, 2026-09-27)",2026-09-27
3,Arizona State University,Ronald Dorn,full,"school- or department-wide page, not the planning program (Alex, 2026-09-27)",2026-09-27
3,Arizona State University,Salma Elmallah,assistant,"school- or department-wide page, not the planning program (Alex, 2026-09-27)",2026-09-27
25,Jackson State University,Firas Al-Douri,,"page shows no rank, so tenure-line status is unknown; not added",2026-09-27
37,Northern Arizona University,Alder Keleman Saxena,assistant,"school- or department-wide page, not the planning program (Alex, 2026-09-27)",2026-09-27
37,Northern Arizona University,Peter Friederici,full,"school- or department-wide page, not the planning program (Alex, 2026-09-27)",2026-09-27
37,Northern Arizona University,Sandra Eileen Heath,assistant,"school- or department-wide page, not the planning program (Alex, 2026-09-27)",2026-09-27
52,Texas A&M University,Bruce Dvorak,full,"school- or department-wide page, not the planning program (Alex, 2026-09-27)",2026-09-27
52,Texas A&M University,Chang-Shan Huang,associate,"school- or department-wide page, not the planning program (Alex, 2026-09-27)",2026-09-27
52,Texas A&M University,Michael McNair,assistant,"school- or department-wide page, not the planning program (Alex, 2026-09-27)",2026-09-27
52,Texas A&M University,Rui Zhu,assistant,"school- or department-wide page, not the planning program (Alex, 2026-09-27)",2026-09-27
52,Texas A&M University,Shengxiao Li,assistant,"school- or department-wide page, not the planning program (Alex, 2026-09-27)",2026-09-27
61,UCLA,Eric Avila,full,Chicana/o Studies and History with a courtesy urban planning title,2026-09-27
87,University of Memphis,Andy Guthrie,,"page shows no rank, so tenure-line status is unknown; not added",2026-09-27
106,University of Toledo,Minxuan Lan,assistant,"school- or department-wide page, not the planning program (Alex, 2026-09-27)",2026-09-27
114,Virginia Commonwealth University,Jim Smither,,"page shows no rank, so tenure-line status is unknown; not added",2026-09-27
